{"LastDistance":2218.29931640625,"NowDistance":1866.0316162109375,"DistanceDifference":352.2677001953125,"TotalDistance":2401.902099609375,"Progress":0.22310255467891694,"ZombiesKilled":5,"TotalZombiesKilled":15}