{"LastDistance":0.0,"NowDistance":1872.376708984375,"DistanceDifference":1872.376708984375,"TotalDistance":2533.150146484375,"Progress":0.2608504891395569,"ZombiesKilled":10,"TotalZombiesKilled":10}