{"LastDistance":2195.5693359375,"NowDistance":2135.513671875,"DistanceDifference":60.0556640625,"TotalDistance":2533.150146484375,"Progress":0.15697312355041505,"ZombiesKilled":15,"TotalZombiesKilled":16}