{"LastDistance":0.0,"NowDistance":1991.9840087890625,"DistanceDifference":1991.9840087890625,"TotalDistance":2401.902099609375,"Progress":0.1706639528274536,"ZombiesKilled":2,"TotalZombiesKilled":2}