{"LastDistance":2209.466552734375,"NowDistance":2326.061767578125,"DistanceDifference":116.59521484375,"TotalDistance":2401.902099609375,"Progress":0.03157511353492737,"ZombiesKilled":5,"TotalZombiesKilled":10}