{"LastDistance":2237.061279296875,"NowDistance":2100.9736328125,"DistanceDifference":136.087646484375,"TotalDistance":2401.902099609375,"Progress":0.12528756260871888,"ZombiesKilled":5,"TotalZombiesKilled":10}