{"LastDistance":0.0,"NowDistance":1784.6776123046875,"DistanceDifference":1784.6776123046875,"TotalDistance":2401.902099609375,"Progress":0.2569732069969177,"ZombiesKilled":5,"TotalZombiesKilled":5}