{"LastDistance":2077.732177734375,"NowDistance":2468.79150390625,"DistanceDifference":391.059326171875,"TotalDistance":2533.150146484375,"Progress":0.02540656365454197,"ZombiesKilled":1,"TotalZombiesKilled":11}