{"LastDistance":0.0,"NowDistance":2368.510986328125,"DistanceDifference":2368.510986328125,"TotalDistance":2401.902099609375,"Progress":0.013901946134865284,"ZombiesKilled":6,"TotalZombiesKilled":6}