{"LastDistance":0.0,"NowDistance":2001.4013671875,"DistanceDifference":2001.4013671875,"TotalDistance":2533.150146484375,"Progress":0.20991601049900056,"ZombiesKilled":12,"TotalZombiesKilled":12}