{"LastDistance":2534.280517578125,"NowDistance":2258.10107421875,"DistanceDifference":276.179443359375,"TotalDistance":2533.150146484375,"Progress":0.1085798516869545,"ZombiesKilled":1,"TotalZombiesKilled":14}