{"LastDistance":2334.052001953125,"NowDistance":2335.673095703125,"DistanceDifference":1.62109375,"TotalDistance":2401.902099609375,"Progress":0.027573565021157266,"ZombiesKilled":5,"TotalZombiesKilled":10}