{"LastDistance":0.0,"NowDistance":1862.2984619140625,"DistanceDifference":1862.2984619140625,"TotalDistance":2401.902099609375,"Progress":0.22465680539608003,"ZombiesKilled":2,"TotalZombiesKilled":2}