{"LastDistance":0.0,"NowDistance":2073.384765625,"DistanceDifference":2073.384765625,"TotalDistance":2533.150146484375,"Progress":0.18149946630001069,"ZombiesKilled":5,"TotalZombiesKilled":5}