{"LastDistance":0.0,"NowDistance":2315.83056640625,"DistanceDifference":2315.83056640625,"TotalDistance":2401.902099609375,"Progress":0.03583473712205887,"ZombiesKilled":5,"TotalZombiesKilled":5}