{"LastDistance":0.0,"NowDistance":1883.492919921875,"DistanceDifference":1883.492919921875,"TotalDistance":2533.150146484375,"Progress":0.2564621865749359,"ZombiesKilled":11,"TotalZombiesKilled":11}